"ID","Object number","Dimensions","Provenance"
"s0004V1962r","s0004V1962r","435 cm x 362 cm","With his brother Theo van Gogh Paris after May 1885 after Theos death on 25 January 1891 inherited by his widow Jo van GoghBonger and their son Vincent Willem van Gogh Paris administered until her death on 2 September 1925 by Jo van GoghBonger BussumAmsterdamLaren given on loan by Vincent Willem van Gogh Laren to the Stedelijk Museum Amsterdam since 16 December 1930 donated by Vincent Willem van Gogh on 11 March 1952 to the 1st Vincent van Gogh Foundation Laren transferred on 28 December 1960 by the 1st Vincent van Gogh Foundation to the Theo van Gogh Foundation Laren agreement concluded on 21 July 1962 between the 2nd Vincent van Gogh Foundation Amsterdam and the State of the Netherlands in which the preservation and management of the collection and its placing in the Rijksmuseum Vincent van Gogh to be realized in Amsterdam is entrusted to the State donated on 21 July 1962 by the Theo van Gogh Foundation to the Vincent van Gogh Foundation given on loan until the opening of the museum on 2 June 1973 to the Stedelijk Museum Amsterdam on permanent loan to the Rijksmuseum Vincent van Gogh from 2 June 1973 and at the Van Gogh Museum Amsterdam since 1 July 1994"
"s0006V1962","s0006V1962","432 cm x 300 cm 22 cm x 590 cm 462 cm x 95 cm","Probably taken from Nuenen by his brother Theo van Gogh Paris at the end of March 1885 after Theos death on 25 January 1891 inherited by his widow Jo van GoghBonger and their son Vincent Willem van Gogh Paris administered until her death on 2 September 1925 by Jo van GoghBonger BussumAmsterdamLaren given on loan by Vincent Willem van Gogh Laren to the Stedelijk Museum Amsterdam since 16 December 1930 transferred by Vincent Willem van Gogh on 10 July 1962 to the Vincent van Gogh Foundation Amsterdam agreement concluded on 21 July 1962 between the Vincent van Gogh Foundation and the State of the Netherlands in which the preservation and management of the collection and its placing in the Rijksmuseum Vincent van Gogh to be realized in Amsterdam is entrusted to the State given on loan until the opening of the museum on 2 June 1973 to the Stedelijk Museum Amsterdam on permanent loan to the Rijksmuseum Vincent van Gogh from 2 June 1973 and at the Van Gogh Museum Amsterdam since 1 July 1994"
"s0010V1962","s0010V1962","505 cm x 398 cm 681 cm x 577 cm","With his brother Theo van Gogh Paris after December 1885 after Theos death on 25 January 1891 inherited by his widow Jo van GoghBonger and their son Vincent Willem van Gogh Paris administered until her death on 2 September 1925 by Jo van GoghBonger BussumAmsterdamLaren transferred by Vincent Willem van Gogh Laren on 10 July 1962 to the Vincent van Gogh Foundation Amsterdam agreement concluded on 21 July 1962 between the Vincent van Gogh Foundation and the State of the Netherlands in which the preservation and management of the collection and its placing in the Rijksmuseum Vincent van Gogh to be realized in Amsterdam is entrusted to the State given on loan until the opening of the museum on 2 June 1973 to the Stedelijk Museum Amsterdam on permanent loan to the Rijksmuseum Vincent van Gogh from 2 June 1973 and at the Van Gogh Museum Amsterdam since 1 July 1994"
"s0056V1962","s0056V1962","460 cm x 380 cm 551 cm x 465 cm","Left by the artist at the apartment of his brother Theo van Gogh Paris midJune 1886 after Theos death on 25 January 1891 inherited by his widow Jo van GoghBonger and their son Vincent Willem van Gogh Paris administered until her death on 2 September 1925 by Jo van GoghBonger BussumAmsterdamLaren transferred by Vincent Willem van Gogh on 10 July 1962 to the Vincent van Gogh Foundation Amsterdam agreement concluded on 21 July 1962 between the Vincent van Gogh Foundation and the State of the Netherlands in which the preservation and management of the collection and its placing in the Rijksmuseum Vincent van Gogh to be realized in Amsterdam is entrusted to the State given on loan until the opening of the museum on 2 June 1973 to the Stedelijk Museum Amsterdam on permanent loan to the Rijksmuseum Vincent van Gogh from 2 June 1973 and at the Van Gogh Museum Amsterdam since 1 July 1994"
"s0058V1962","s0058V1962","455 cm x 330 cm 60 cm x 48 cm","With his brother Theo van Gogh Paris after May 1885 after Theos death on 25 January 1891 inherited by his widow Jo van GoghBonger and their son Vincent Willem van Gogh Paris administered until her death on 2 September 1925 by Jo van GoghBonger BussumAmsterdamLaren transferred by Vincent Willem van Gogh Laren on 10 July 1962 to the Vincent van Gogh Foundation Amsterdam ratified 28 December 1970 agreement concluded on 21 July 1962 between the Vincent van Gogh Foundation and the State of the Netherlands in which the preservation and management of the collection and its placing in the Rijksmuseum Vincent van Gogh to be realized in Amsterdam is entrusted to the State given on loan until the opening of the museum on 2 June 1973 to the Stedelijk Museum Amsterdam on permanent loan to the Rijksmuseum Vincent van Gogh from 2 June 1973 and at the Van Gogh Museum Amsterdam since 1 July 1994"
"s0059V1962","s0059V1962","352 cm x 244 cm 529 cm x 419 cm","With his brother Theo van Gogh Paris after December 1885 after Theos death on 25 January 1891 inherited by his widow Jo van GoghBonger and their son Vincent Willem van Gogh Paris administered until her death on 2 September 1925 by Jo van GoghBonger BussumAmsterdamLaren donated by Vincent Willem van Gogh on 11 March 1952 to the 1st Vincent van Gogh Foundation Laren transferred on 28 December 1960 by the 1st Vincent van Gogh Foundation to the Theo van Gogh Foundation Laren agreement concluded on 21 July 1962 between the 2nd Vincent van Gogh Foundation Amsterdam and the State of the Netherlands in which the preservation and management of the collection and its placing in the Rijksmuseum Vincent van Gogh to be realized in Amsterdam is entrusted to the State donated on 21 July 1962 by the Theo van Gogh Foundation to the Vincent van Gogh Foundation given on loan until the opening of the museum on 2 June 1973 to the Stedelijk Museum Amsterdam on permanent loan to the Rijksmuseum Vincent van Gogh from 2 June 1973 and at the Van Gogh Museum Amsterdam since 1 July 1994"
"s0061V1962","s0061V1962","444 cm x 337 cm 586 cm x 485 cm","With his brother Theo van Gogh Paris after December 1885 after Theos death on 25 January 1891 inherited by his widow Jo van GoghBonger and their son Vincent Willem van Gogh Paris administered until her death on 2 September 1925 by Jo van GoghBonger BussumAmsterdamLaren transferred by Vincent Willem van Gogh on 10 July 1962 to the Vincent van Gogh Foundation Amsterdam agreement concluded on 21 July 1962 between the Vincent van Gogh Foundation and the State of the Netherlands in which the preservation and management of the collection and its placing in the Rijksmuseum Vincent van Gogh to be realized in Amsterdam is entrusted to the State given on loan until the opening of the museum on 2 June 1973 to the Stedelijk Museum Amsterdam on permanent loan to the Rijksmuseum Vincent van Gogh from 2 June 1973 and at the Van Gogh Museum Amsterdam since 1 July 1994"
"s0062V1962","s0062V1962","422 cm x 348 cm 585 cm x 51 cm","Probably taken from Nuenen by his brother Theo van Gogh Paris 31 March 1885 after Theos death on 25 January 1891 inherited by his widow Jo van GoghBonger and their son Vincent Willem van Gogh Paris administered until her death on 2 September 1925 by Jo van GoghBonger BussumAmsterdamLaren transferred by Vincent Willem van Gogh on 10 July 1962 to the Vincent van Gogh Foundation Amsterdam agreement concluded on 21 July 1962 between the Vincent van Gogh Foundation and the State of the Netherlands in which the preservation and management of the collection and its placing in the Rijksmuseum Vincent van Gogh to be realized in Amsterdam is entrusted to the State given on loan until the opening of the museum on 2 June 1973 to the Stedelijk Museum Amsterdam on permanent loan to the Rijksmuseum Vincent van Gogh from 2 June 1973 and at the Van Gogh Museum Amsterdam since 1 July 1994"
"s0068V1962r","s0068V1962r","425 cm x 321 cm 49 cm x 386 cm","With his brother Theo van Gogh Paris after May 1885 after Theos death on 25 January 1891 inherited by his widow Jo van GoghBonger and their son Vincent Willem van Gogh Paris administered until her death on 2 September 1925 by Jo van GoghBonger BussumAmsterdamLaren given on loan by Vincent Willem van Gogh Laren to the Stedelijk Museum Amsterdam since 16 December 1930 transferred by Vincent Willem van Gogh on 10 July 1962 to the Vincent van Gogh Foundation Amsterdam agreement concluded on 21 July 1962 between the Vincent van Gogh Foundation and the State of the Netherlands in which the preservation and management of the collection and its placing in the Rijksmuseum Vincent van Gogh to be realized in Amsterdam is entrusted to the State given on loan until the opening of the museum on 2 June 1973 to the Stedelijk Museum Amsterdam on permanent loan to the Rijksmuseum Vincent van Gogh from 2 June 1973 and at the Van Gogh Museum Amsterdam since 1 July 1994"
"s0069V1962","s0069V1962","377 cm x 295 cm 536 cm x 455 cm","With his brother Theo van Gogh Paris after February 1885 after Theos death on 25 January 1891 inherited by his widow Jo van GoghBonger and their son Vincent Willem van Gogh Paris administered until her death on 2 September 1925 by Jo van GoghBonger BussumAmsterdamLaren given on loan by Vincent Willem van Gogh Laren to the Stedelijk Museum Amsterdam since 16 December 1930 donated by Vincent Willem van Gogh on 11 March 1952 to the 1st Vincent van Gogh Foundation Laren transferred on 28 December 1960 by the 1st Vincent van Gogh Foundation to the Theo van Gogh Foundation Laren agreement concluded on 21 July 1962 between the 2nd Vincent van Gogh Foundation Amsterdam and the State of the Netherlands in which the preservation and management of the collection and its placing in the Rijksmuseum Vincent van Gogh to be realized in Amsterdam is entrusted to the State donated on 21 July 1962 by the Theo van Gogh Foundation to the Vincent van Gogh Foundation given on loan until the opening of the museum on 2 June 1973 to the Stedelijk Museum Amsterdam on permanent loan to the Rijksmuseum Vincent van Gogh from 2 June 1973 and at the Van Gogh Museum Amsterdam since 1 July 1994"
"s0072V1962","s0072V1962","420 cm x 333 cm 585 cm x 50 cm","With his brother Theo van Gogh Paris after January 1885 after Theos death on 25 January 1891 inherited by his widow Jo van GoghBonger and their son Vincent Willem van Gogh Paris administered until her death on 2 September 1925 by Jo van GoghBonger BussumAmsterdamLaren transferred by Vincent Willem van Gogh Laren on 10 July 1962 to the Vincent van Gogh Foundation Amsterdam agreement concluded on 21 July 1962 between the Vincent van Gogh Foundation and the State of the Netherlands in which the preservation and management of the collection and its placing in the Rijksmuseum Vincent van Gogh to be realized in Amsterdam is entrusted to the State given on loan until the opening of the museum on 2 June 1973 to the Stedelijk Museum Amsterdam on permanent loan to the Rijksmuseum Vincent van Gogh from 2 June 1973 and at the Van Gogh Museum Amsterdam since 1 July 1994"
"s0075V1962","s0075V1962","329 cm x 240 cm 417 cm x 331 cm","Left by the artist at the apartment of his brother Theo van Gogh Paris sometime between February and March 1887 after Theos death on 25 January 1891 inherited by his widow Jo van GoghBonger and their son Vincent Willem van Gogh Paris administered until her death on 2 September 1925 by Jo van GoghBonger BussumAmsterdamLaren transferred by Vincent Willem van Gogh Laren on 10 July 1962 to the Vincent van Gogh Foundation Amsterdam ratified 28 December 1970 agreement concluded on 21 July 1962 between the Vincent van Gogh Foundation and the State of the Netherlands in which the preservation and management of the collection and its placing in the Rijksmuseum Vincent van Gogh to be realized in Amsterdam is entrusted to the State given on loan until the opening of the museum on 2 June 1973 to the Stedelijk Museum Amsterdam on permanent loan to the Rijksmuseum Vincent van Gogh from 2 June 1973 and at the Van Gogh Museum Amsterdam since 1 July 1994"
"s0084V1962","s0084V1962","438 cm x 300 cm 60 cm x 46 cm","Probably taken from Nuenen by his brother Theo van Gogh Paris March 1885 after Theos death on 25 January 1891 inherited by his widow Jo van GoghBonger and their son Vincent Willem van Gogh Paris administered until her death on 2 September 1925 by Jo van GoghBonger BussumAmsterdamLaren transferred by Vincent Willem van Gogh Laren on 10 July 1962 to the Vincent van Gogh Foundation Amsterdam agreement concluded on 21 July 1962 between the Vincent van Gogh Foundation and the State of the Netherlands in which the preservation and management of the collection and its placing in the Rijksmuseum Vincent van Gogh to be realized in Amsterdam is entrusted to the State given on loan until the opening of the museum on 2 June 1973 to the Stedelijk Museum Amsterdam on permanent loan to the Rijksmuseum Vincent van Gogh from 2 June 1973 and at the Van Gogh Museum Amsterdam since 1 July 1994"
"s0089V1962","s0089V1962","464 cm x 381 cm 551 cm x 468 cm","Left by the artist at the apartment of his brother Theo van Gogh Paris mid June 1886 after Theos death on 25 January 1891 inherited by his widow Jo van GoghBonger and their son Vincent Willem van Gogh Paris administered until her death on 2 September 1925 by Jo van GoghBonger BussumAmsterdamLaren donated by Vincent Willem van Gogh on 11 March 1952 to the 1st Vincent van Gogh Foundation Laren transferred on 28 December 1960 by the 1st Vincent van Gogh Foundation to the Theo van Gogh Foundation Laren agreement concluded on 21 July 1962 between the 2nd Vincent van Gogh Foundation Amsterdam and the State of the Netherlands in which the preservation and management of the collection and its placing in the Rijksmuseum Vincent van Gogh to be realized in Amsterdam is entrusted to the State donated on 21 July 1962 by the Theo van Gogh Foundation to the Vincent van Gogh Foundation given on loan until the opening of the museum on 2 June 1973 to the Stedelijk Museum Amsterdam on permanent loan to the Rijksmuseum Vincent van Gogh from 2 June 1973 and at the Van Gogh Museum Amsterdam since 1 July 1994"
"s0097V1962r","s0097V1962r","422 cm x 345 cm","With his brother Theo van Gogh Paris after May 1885 after Theos death on 25 January 1891 inherited by his widow Jo van GoghBonger and their son Vincent Willem van Gogh Paris administered until her death on 2 September 1925 by Jo van GoghBonger BussumAmsterdamLaren transferred by Vincent Willem van Gogh Laren on 10 July 1962 to the Vincent van Gogh Foundation Amsterdam agreement concluded on 21 July 1962 between the Vincent van Gogh Foundation and the State of the Netherlands in which the preservation and management of the collection and its placing in the Rijksmuseum Vincent van Gogh to be realized in Amsterdam is entrusted to the State given on loan until the opening of the museum on 2 June 1973 to the Stedelijk Museum Amsterdam on permanent loan to the Rijksmuseum Vincent van Gogh from 2 June 1973 and at the Van Gogh Museum Amsterdam since 1 July 1994"
"s0101V1962","s0101V1962","353 cm x 271 cm 435 cm x 355 cm","Left by the artist at the apartment of his brother Theo van Gogh Paris mid June 1886 after Theos death on 25 January 1891 inherited by his widow Jo van GoghBonger and their son Vincent Willem van Gogh Paris administered until her death on 2 September 1925 by Jo van GoghBonger BussumAmsterdamLaren transferred by Vincent Willem van Gogh Laren on 10 July 1962 to the Vincent van Gogh Foundation Amsterdam agreement concluded on 21 July 1962 between the Vincent van Gogh Foundation and the State of the Netherlands in which the preservation and management of the collection and its placing in the Rijksmuseum Vincent van Gogh to be realized in Amsterdam is entrusted to the State given on loan until the opening of the museum on 2 June 1973 to the Stedelijk Museum Amsterdam on permanent loan to the Rijksmuseum Vincent van Gogh from 2 June 1973 and at the Van Gogh Museum Amsterdam since 1 July 1994"
"s0102V1962","s0102V1962","352 cm x 268 cm 44 cm x 36 cm","Left by the artist at the apartment of his brother Theo van Gogh Paris mid June 1886 after Theos death on 25 January 1891 inherited by his widow Jo van GoghBonger and their son Vincent Willem van Gogh Paris administered until her death on 2 September 1925 by Jo van GoghBonger BussumAmsterdamLaren transferred by Vincent Willem van Gogh Laren on 10 July 1962 to the Vincent van Gogh Foundation Amsterdam agreement concluded on 21 July 1962 between the Vincent van Gogh Foundation and the State of the Netherlands in which the preservation and management of the collection and its placing in the Rijksmuseum Vincent van Gogh to be realized in Amsterdam is entrusted to the State given on loan until the opening of the museum on 2 June 1973 to the Stedelijk Museum Amsterdam on permanent loan to the Rijksmuseum Vincent van Gogh from 2 June 1973 and at the Van Gogh Museum Amsterdam since 1 July 1994"
"s0103V1962","s0103V1962","350 cm x 270 cm 44 cm x 36 cm","Left by the artist at the apartment of his brother Theo van Gogh Paris mid June 1886 after Theos death on 25 January 1891 inherited by his widow Jo van GoghBonger and their son Vincent Willem van Gogh Paris administered until her death on 2 September 1925 by Jo van GoghBonger BussumAmsterdamLaren transferred by Vincent Willem van Gogh Laren on 10 July 1962 to the Vincent van Gogh Foundation Amsterdam agreement concluded on 21 July 1962 between the Vincent van Gogh Foundation and the State of the Netherlands in which the preservation and management of the collection and its placing in the Rijksmuseum Vincent van Gogh to be realized in Amsterdam is entrusted to the State given on loan until the opening of the museum on 2 June 1973 to the Stedelijk Museum Amsterdam on permanent loan to the Rijksmuseum Vincent van Gogh from 2 June 1973 and at the Van Gogh Museum Amsterdam since 1 July 1994"
"s0132V1962","s0132V1962","388 cm x 313 cm 54 cm x 46 cm","With his brother Theo van Gogh Paris after March 1885 after Theos death on 25 January 1891 inherited by his widow Jo van GoghBonger and their son Vincent Willem van Gogh Paris administered until her death on 2 September 1925 by Jo van GoghBonger BussumAmsterdamLaren transferred by Vincent Willem van Gogh Laren on 10 July 1962 to the Vincent van Gogh Foundation Amsterdam agreement concluded on 21 July 1962 between the Vincent van Gogh Foundation and the State of the Netherlands in which the preservation and management of the collection and its placing in the Rijksmuseum Vincent van Gogh to be realized in Amsterdam is entrusted to the State given on loan until the opening of the museum on 2 June 1973 to the Stedelijk Museum Amsterdam on permanent loan to the Rijksmuseum Vincent van Gogh from 2 June 1973 and at the Van Gogh Museum Amsterdam since 1 July 1994"
"s0139V1962","s0139V1962","427 cm x 335 cm 576 cm x 483 cm","Taken from Nuenen by his brother Theo van Gogh Paris at the end of March 1885 after Theos death on 25 January 1891 inherited by his widow Jo van GoghBonger and their son Vincent Willem van Gogh Paris administered until her death on 2 September 1925 by Jo van GoghBonger BussumAmsterdamLaren transferred by Vincent Willem van Gogh Laren on 10 July 1962 to the Vincent van Gogh Foundation Amsterdam agreement concluded on 21 July 1962 between the Vincent van Gogh Foundation and the State of the Netherlands in which the preservation and management of the collection and its placing in the Rijksmuseum Vincent van Gogh to be realized in Amsterdam is entrusted to the State given on loan until the opening of the museum on 2 June 1973 to the Stedelijk Museum Amsterdam on permanent loan to the Rijksmuseum Vincent van Gogh from 2 June 1973 and at the Van Gogh Museum Amsterdam since 1 July 1994"
"s0143V1962","s0143V1962","463 cm x 385 cm 664 cm x 581 cm","With his brother Theo van Gogh Paris after December 1885 after Theos death on 25 January 1891 inherited by his widow Jo van GoghBonger and their son Vincent Willem van Gogh Paris administered until her death on 2 September 1925 by Jo van GoghBonger BussumAmsterdamLaren donated by Vincent Willem van Gogh on 11 March 1952 to the 1st Vincent van Gogh Foundation Laren transferred on 28 December 1960 by the 1st Vincent van Gogh Foundation to the Theo van Gogh Foundation Laren agreement concluded on 21 July 1962 between the 2nd Vincent van Gogh Foundation Amsterdam and the State of the Netherlands in which the preservation and management of the collection and its placing in the Rijksmuseum Vincent van Gogh to be realized in Amsterdam is entrusted to the State donated on 21 July 1962 by the Theo van Gogh Foundation to the Vincent van Gogh Foundation given on loan until the opening of the museum on 2 June 1973 to the Stedelijk Museum Amsterdam on permanent loan to the Rijksmuseum Vincent van Gogh from 2 June 1973 and at the Van Gogh Museum Amsterdam since 1 July 1994"
"s0199V1962","s0199V1962","408 cm x 271 cm 491 cm x 355 cm","Left by the artist at the apartment of his brother Theo van Gogh Paris FebruaryMarch 1887 after Theos death on 25 January 1891 inherited by his widow Jo van GoghBonger and their son Vincent Willem van Gogh Paris administered until her death on 2 September 1925 by Jo van GoghBonger BussumAmsterdamLaren transferred by Vincent Willem van Gogh Laren on 10 July 1962 to the Vincent van Gogh Foundation Amsterdam agreement concluded on 21 July 1962 between the Vincent van Gogh Foundation and the State of the Netherlands in which the preservation and management of the collection and its placing in the Rijksmuseum Vincent van Gogh to be realized in Amsterdam is entrusted to the State given on loan until the opening of the museum on 2 June 1973 to the Stedelijk Museum Amsterdam on permanent loan to the Rijksmuseum Vincent van Gogh from 2 June 1973 and at the Van Gogh Museum Amsterdam since 1 July 1994"
"s0200V1962","s0200V1962","410 cm x 327 cm 496 cm x 416 cm","Left by the artist at the apartment of his brother Theo van Gogh Paris FebruaryMarch 1887 after Theos death on 25 January 1891 inherited by his widow Jo van GoghBonger and their son Vincent Willem van Gogh Paris administered until her death on 2 September 1925 by Jo van GoghBonger BussumAmsterdamLaren transferred by Vincent Willem van Gogh Laren on 10 July 1962 to the Vincent van Gogh Foundation Amsterdam agreement concluded on 21 July 1962 between the Vincent van Gogh Foundation and the State of the Netherlands in which the preservation and management of the collection and its placing in the Rijksmuseum Vincent van Gogh to be realized in Amsterdam is entrusted to the State given on loan until the opening of the museum on 2 June 1973 to the Stedelijk Museum Amsterdam on permanent loan to the Rijksmuseum Vincent van Gogh from 2 June 1973 and at the Van Gogh Museum Amsterdam since 1 July 1994"
"s0201V1962","s0201V1962","353 cm x 272 cm 440 cm x 360 cm","Left by the artist at the apartment of his brother Theo van Gogh Paris mid June 1886 after Theos death on 25 January 1891 inherited by his widow Jo van GoghBonger and their son Vincent Willem van Gogh Paris administered until her death on 2 September 1925 by Jo van GoghBonger BussumAmsterdamLaren transferred by Vincent Willem van Gogh Laren on 10 July 1962 to the Vincent van Gogh Foundation Amsterdam agreement concluded on 21 July 1962 between the Vincent van Gogh Foundation and the State of the Netherlands in which the preservation and management of the collection and its placing in the Rijksmuseum Vincent van Gogh to be realized in Amsterdam is entrusted to the State given on loan until the opening of the museum on 2 June 1973 to the Stedelijk Museum Amsterdam on permanent loan to the Rijksmuseum Vincent van Gogh from 2 June 1973 and at the Van Gogh Museum Amsterdam since 1 July 1994"
"s0202V1962","s0202V1962","331 cm x 409 cm 415 cm x 497 cm","Left by the artist at the apartment of his brother Theo van Gogh Paris mid June 1886 after Theos death on 25 January 1891 inherited by his widow Jo van GoghBonger and their son Vincent Willem van Gogh Paris administered until her death on 2 September 1925 by Jo van GoghBonger BussumAmsterdamLaren transferred by Vincent Willem van Gogh Laren on 10 July 1962 to the Vincent van Gogh Foundation Amsterdam ratified 28 December 1970 agreement concluded on 21 July 1962 between the Vincent van Gogh Foundation and the State of the Netherlands in which the preservation and management of the collection and its placing in the Rijksmuseum Vincent van Gogh to be realized in Amsterdam is entrusted to the State given on loan until the opening of the museum on 2 June 1973 to the Stedelijk Museum Amsterdam on permanent loan to the Rijksmuseum Vincent van Gogh from 2 June 1973 and at the Van Gogh Museum Amsterdam since 1 July 1994"
"s0343V1966","s0343V1966","478 cm x 348 cm 62 cm x 49 cm","Probably left by the artist with his mother AC van GoghCarbentus NuenenBreda sometime between November 1885 and February 1886 given in safekeeping to Janus Schrauwen Breda April 1888 left with Janus Schrauwen by AC van GoghCarbentus after her move to Leiden 1889 sold by Janus Schrauwen to Jan C Couvreur 14 August 1902 sold by Jan C Couvreur to Kees Mouwen Jr and Willem van Bakel Breda 190203 given on consignment by Kees Mouwen Jr and Willem van Bakel to Kunstzalen Oldenzeel Rotterdam 190304 probably sold by Kunstzalen Oldenzeel to HP Bremmer The Hague after his death on 10 January 1956 bequeathed to his inheritance sold by the inheritance to Kunsthandel Van Wisselingh Amsterdam 1960 1962 sold by Kunsthandel Van Wisselingh to HAD Thomas Amsterdam after his death in 1964 inherited by his mother D ThomasMager Amsterdam after her death in 1965 donated to the Vincent van Gogh Foundation given on loan until the opening of the museum on 2 June 1973 to the Stedelijk Museum Amsterdam on permanent loan to the Rijksmuseum Vincent van Gogh from 2 June 1973 and at the Van Gogh Museum Amsterdam since 1 July 1994"
"d0012V1962r","d0012V1962r","475 cm x 620 cm","Left by the artist at the apartment of his brother Theo van Gogh Paris sometime between October 1886 and January 1887 after Theos death on 25 January 1891 inherited by his widow Jo van GoghBonger and their son Vincent Willem van Gogh Paris administered until her death on 2 September 1925 by Jo van GoghBonger BussumAmsterdamLaren transferred by Vincent Willem van Gogh Laren on 10 July 1962 to the Vincent van Gogh Foundation Amsterdam agreement concluded on 21 July 1962 between the Vincent van Gogh Foundation and the State of the Netherlands in which the preservation and management of the collection and its placing in the Rijksmuseum Vincent van Gogh to be realized in Amsterdam is entrusted to the State given on loan until the opening of the museum on 2 June 1973 to the Stedelijk Museum Amsterdam on permanent loan to the Rijksmuseum Vincent van Gogh from 2 June 1973 and at the Van Gogh Museum Amsterdam since 1 July 1994"
"d0012V1962v","d0012V1962v","475 cm x 620 cm","Left by the artist at the apartment of his brother Theo van Gogh Paris sometime between October 1886 and January 1887 after Theos death on 25 January 1891 inherited by his widow Jo van GoghBonger and their son Vincent Willem van Gogh Paris administered until her death on 2 September 1925 by Jo van GoghBonger BussumAmsterdamLaren transferred by Vincent Willem van Gogh Laren on 10 July 1962 to the Vincent van Gogh Foundation Amsterdam agreement concluded on 21 July 1962 between the Vincent van Gogh Foundation and the State of the Netherlands in which the preservation and management of the collection and its placing in the Rijksmuseum Vincent van Gogh to be realized in Amsterdam is entrusted to the State given on loan until the opening of the museum on 2 June 1973 to the Stedelijk Museum Amsterdam on permanent loan to the Rijksmuseum Vincent van Gogh from 2 June 1973 and at the Van Gogh Museum Amsterdam since 1 July 1994"
"d0013V1962","d0013V1962","477 cm x 305 cm","Left by the artist at the apartment of his brother Theo van Gogh Paris sometime between October 1886 and January 1887 after Theos death on 25 January 1891 inherited by his widow Jo van GoghBonger and their son Vincent Willem van Gogh Paris administered until her death on 2 September 1925 by Jo van GoghBonger BussumAmsterdamLaren transferred by Vincent Willem van Gogh Laren on 10 July 1962 to the Vincent van Gogh Foundation Amsterdam agreement concluded on 21 July 1962 between the Vincent van Gogh Foundation and the State of the Netherlands in which the preservation and management of the collection and its placing in the Rijksmuseum Vincent van Gogh to be realized in Amsterdam is entrusted to the State given on loan until the opening of the museum on 2 June 1973 to the Stedelijk Museum Amsterdam on permanent loan to the Rijksmuseum Vincent van Gogh from 2 June 1973 and at the Van Gogh Museum Amsterdam since 1 July 1994"
"d0014V1962r","d0014V1962r","477 cm x 313 cm","Left by the artist at the apartment of his brother Theo van Gogh Paris sometime between October 1886 and January 1887 after Theos death on 25 January 1891 inherited by his widow Jo van GoghBonger and their son Vincent Willem van Gogh Paris administered until her death on 2 September 1925 by Jo van GoghBonger BussumAmsterdamLaren transferred by Vincent Willem van Gogh Laren on 10 July 1962 to the Vincent van Gogh Foundation Amsterdam agreement concluded on 21 July 1962 between the Vincent van Gogh Foundation and the State of the Netherlands in which the preservation and management of the collection and its placing in the Rijksmuseum Vincent van Gogh to be realized in Amsterdam is entrusted to the State given on loan until the opening of the museum on 2 June 1973 to the Stedelijk Museum Amsterdam on permanent loan to the Rijksmuseum Vincent van Gogh from 2 June 1973 and at the Van Gogh Museum Amsterdam since 1 July 1994"
"d0014V1962v","d0014V1962v","477 cm x 313 cm","Left by the artist at the apartment of his brother Theo van Gogh Paris sometime between October 1886 and January 1887 after Theos death on 25 January 1891 inherited by his widow Jo van GoghBonger and their son Vincent Willem van Gogh Paris administered until her death on 2 September 1925 by Jo van GoghBonger BussumAmsterdamLaren transferred by Vincent Willem van Gogh Laren on 10 July 1962 to the Vincent van Gogh Foundation Amsterdam agreement concluded on 21 July 1962 between the Vincent van Gogh Foundation and the State of the Netherlands in which the preservation and management of the collection and its placing in the Rijksmuseum Vincent van Gogh to be realized in Amsterdam is entrusted to the State given on loan until the opening of the museum on 2 June 1973 to the Stedelijk Museum Amsterdam on permanent loan to the Rijksmuseum Vincent van Gogh from 2 June 1973 and at the Van Gogh Museum Amsterdam since 1 July 1994"
"d0015V1962r","d0015V1962r","475 cm x 308 cm","Left by the artist at the apartment of his brother Theo van Gogh Paris sometime between October 1886 and January 1887 after Theos death on 25 January 1891 inherited by his widow Jo van GoghBonger and their son Vincent Willem van Gogh Paris administered until her death on 2 September 1925 by Jo van GoghBonger BussumAmsterdamLaren given on loan by Vincent Willem van Gogh Laren to the Stedelijk Museum Amsterdam since 22 October 1931 transferred by Vincent Willem van Gogh on 10 July 1962 to the Vincent van Gogh Foundation Amsterdam agreement concluded on 21 July 1962 between the Vincent van Gogh Foundation and the State of the Netherlands in which the preservation and management of the collection and its placing in the Rijksmuseum Vincent van Gogh to be realized in Amsterdam is entrusted to the State given on loan until the opening of the museum on 2 June 1973 to the Stedelijk Museum Amsterdam on permanent loan to the Rijksmuseum Vincent van Gogh from 2 June 1973 and at the Van Gogh Museum Amsterdam since 1 July 1994"
"d0015V1962v","d0015V1962v","475 cm x 308 cm","Left by the artist at the apartment of his brother Theo van Gogh Paris sometime between October 1886 and January 1887 after Theos death on 25 January 1891 inherited by his widow Jo van GoghBonger and their son Vincent Willem van Gogh Paris administered until her death on 2 September 1925 by Jo van GoghBonger BussumAmsterdamLaren given on loan by Vincent Willem van Gogh Laren to the Stedelijk Museum Amsterdam since 22 October 1931 transferred by Vincent Willem van Gogh on 10 July 1962 to the Vincent van Gogh Foundation Amsterdam agreement concluded on 21 July 1962 between the Vincent van Gogh Foundation and the State of the Netherlands in which the preservation and management of the collection and its placing in the Rijksmuseum Vincent van Gogh to be realized in Amsterdam is entrusted to the State given on loan until the opening of the museum on 2 June 1973 to the Stedelijk Museum Amsterdam on permanent loan to the Rijksmuseum Vincent van Gogh from 2 June 1973 and at the Van Gogh Museum Amsterdam since 1 July 1994"
"d0031V1962v","d0031V1962v","314 cm x 475 cm","Left by the artist at the apartment of his brother Theo van Gogh Paris sometime between October 1886 and January 1887 after Theos death on 25 January 1891 inherited by his widow Jo van GoghBonger and their son Vincent Willem van Gogh Paris administered until her death on 2 September 1925 by Jo van GoghBonger BussumAmsterdamLaren transferred by Vincent Willem van Gogh Laren on 10 July 1962 to the Vincent van Gogh Foundation Amsterdam agreement concluded on 21 July 1962 between the Vincent van Gogh Foundation and the State of the Netherlands in which the preservation and management of the collection and its placing in the Rijksmuseum Vincent van Gogh to be realized in Amsterdam is entrusted to the State given on loan until the opening of the museum on 2 June 1973 to the Stedelijk Museum Amsterdam on permanent loan to the Rijksmuseum Vincent van Gogh from 2 June 1973 and at the Van Gogh Museum Amsterdam since 1 July 1994"
"d0034V1962r","d0034V1962r","322 cm x 249 cm","Left by the artist at the apartment of his brother Theo van Gogh Paris 1887 after Theos death on 25 January 1891 inherited by his widow Jo van GoghBonger and their son Vincent Willem van Gogh Paris administered until her death on 2 September 1925 by Jo van GoghBonger BussumAmsterdamLaren transferred by Vincent Willem van Gogh Laren on 10 July 1962 to the Vincent van Gogh Foundation Amsterdam agreement concluded on 21 July 1962 between the Vincent van Gogh Foundation and the State of the Netherlands in which the preservation and management of the collection and its placing in the Rijksmuseum Vincent van Gogh to be realized in Amsterdam is entrusted to the State given on loan until the opening of the museum on 2 June 1973 to the Stedelijk Museum Amsterdam on permanent loan to the Rijksmuseum Vincent van Gogh from 2 June 1973 and at the Van Gogh Museum Amsterdam since 1 July 1994"
"d0036V1962r","d0036V1962r","383 cm x 198 cm","Left by the artist at the apartment of his brother Theo van Gogh Paris sometime between October 1886 and January 1887 after Theos death on 25 January 1891 inherited by his widow Jo van GoghBonger and their son Vincent Willem van Gogh Paris administered until her death on 2 September 1925 by Jo van GoghBonger BussumAmsterdamLaren transferred by Vincent Willem van Gogh Laren on 10 July 1962 to the Vincent van Gogh Foundation Amsterdam agreement concluded on 21 July 1962 between the Vincent van Gogh Foundation and the State of the Netherlands in which the preservation and management of the collection and its placing in the Rijksmuseum Vincent van Gogh to be realized in Amsterdam is entrusted to the State given on loan until the opening of the museum on 2 June 1973 to the Stedelijk Museum Amsterdam on permanent loan to the Rijksmuseum Vincent van Gogh from 2 June 1973 and at the Van Gogh Museum Amsterdam since 1 July 1994"
"d0036V1962v","d0036V1962v","198 cm x 383 cm","Left by the artist at the apartment of his brother Theo van Gogh Paris sometime between October 1886 and January 1887 after Theos death on 25 January 1891 inherited by his widow Jo van GoghBonger and their son Vincent Willem van Gogh Paris administered until her death on 2 September 1925 by Jo van GoghBonger BussumAmsterdamLaren transferred by Vincent Willem van Gogh Laren on 10 July 1962 to the Vincent van Gogh Foundation Amsterdam agreement concluded on 21 July 1962 between the Vincent van Gogh Foundation and the State of the Netherlands in which the preservation and management of the collection and its placing in the Rijksmuseum Vincent van Gogh to be realized in Amsterdam is entrusted to the State given on loan until the opening of the museum on 2 June 1973 to the Stedelijk Museum Amsterdam on permanent loan to the Rijksmuseum Vincent van Gogh from 2 June 1973 and at the Van Gogh Museum Amsterdam since 1 July 1994"
"d0056V1962r","d0056V1962r","208 cm x 344 cm","With his brother Theo van Gogh Paris after May 1885 after Theos death on 25 January 1891 inherited by his widow Jo van GoghBonger and their son Vincent Willem van Gogh Paris administered until her death on 2 September 1925 by Jo van GoghBonger BussumAmsterdamLaren given on loan by Vincent Willem van Gogh Laren to the Stedelijk Museum Amsterdam since 22 October 1931 transferred by Vincent Willem van Gogh on 10 July 1962 to the Vincent van Gogh Foundation Amsterdam agreement concluded on 21 July 1962 between the Vincent van Gogh Foundation and the State of the Netherlands in which the preservation and management of the collection and its placing in the Rijksmuseum Vincent van Gogh to be realized in Amsterdam is entrusted to the State given on loan until the opening of the museum on 2 June 1973 to the Stedelijk Museum Amsterdam on permanent loan to the Rijksmuseum Vincent van Gogh from 2 June 1973 and at the Van Gogh Museum Amsterdam since 1 July 1994"
"d0056V1962v","d0056V1962v","208 cm x 344 cm","With his brother Theo van Gogh Paris after May 1885 after Theos death on 25 January 1891 inherited by his widow Jo van GoghBonger and their son Vincent Willem van Gogh Paris administered until her death on 2 September 1925 by Jo van GoghBonger BussumAmsterdamLaren given on loan by Vincent Willem van Gogh Laren to the Stedelijk Museum Amsterdam since 22 October 1931 transferred by Vincent Willem van Gogh on 10 July 1962 to the Vincent van Gogh Foundation Amsterdam agreement concluded on 21 July 1962 between the Vincent van Gogh Foundation and the State of the Netherlands in which the preservation and management of the collection and its placing in the Rijksmuseum Vincent van Gogh to be realized in Amsterdam is entrusted to the State given on loan until the opening of the museum on 2 June 1973 to the Stedelijk Museum Amsterdam on permanent loan to the Rijksmuseum Vincent van Gogh from 2 June 1973 and at the Van Gogh Museum Amsterdam since 1 July 1994"
"d0062V1962","d0062V1962","446 cm x 546 cm","With his brother Theo van Gogh Paris after the first half of June 1890 after Theos death on 25 January 1891 inherited by his widow Jo van GoghBonger and their son Vincent Willem van Gogh Paris administered until her death on 2 September 1925 by Jo van GoghBonger BussumAmsterdamLaren transferred by Vincent Willem van Gogh Laren on 10 July 1962 to the Vincent van Gogh Foundation Amsterdam agreement concluded on 21 July 1962 between the Vincent van Gogh Foundation and the State of the Netherlands in which the preservation and management of the collection and its placing in the Rijksmuseum Vincent van Gogh to be realized in Amsterdam is entrusted to the State given on loan until the opening of the museum on 2 June 1973 to the Stedelijk Museum Amsterdam on permanent loan to the Rijksmuseum Vincent van Gogh from 2 June 1973 and at the Van Gogh Museum Amsterdam since 1 July 1994"
"d0136V1962r","d0136V1962r","317 cm x 246 cm","Left by the artist at the apartment of his brother Theo van Gogh Paris 1887 after Theos death on 25 January 1891 inherited by his widow Jo van GoghBonger and their son Vincent Willem van Gogh Paris administered until her death on 2 September 1925 by Jo van GoghBonger BussumAmsterdamLaren transferred by Vincent Willem van Gogh Laren on 10 July 1962 to the Vincent van Gogh Foundation Amsterdam agreement concluded on 21 July 1962 between the Vincent van Gogh Foundation and the State of the Netherlands in which the preservation and management of the collection and its placing in the Rijksmuseum Vincent van Gogh to be realized in Amsterdam is entrusted to the State given on loan until the opening of the museum on 2 June 1973 to the Stedelijk Museum Amsterdam on permanent loan to the Rijksmuseum Vincent van Gogh from 2 June 1973 and at the Van Gogh Museum Amsterdam since 1 July 1994"
"d0137V1962r","d0137V1962r","321 cm x 246 cm","Left by the artist at the apartment of his brother Theo van Gogh Paris 1887 after Theos death on 25 January 1891 inherited by his widow Jo van GoghBonger and their son Vincent Willem van Gogh Paris administered until her death on 2 September 1925 by Jo van GoghBonger BussumAmsterdamLaren transferred by Vincent Willem van Gogh Laren on 10 July 1962 to the Vincent van Gogh Foundation Amsterdam agreement concluded on 21 July 1962 between the Vincent van Gogh Foundation and the State of the Netherlands in which the preservation and management of the collection and its placing in the Rijksmuseum Vincent van Gogh to be realized in Amsterdam is entrusted to the State given on loan until the opening of the museum on 2 June 1973 to the Stedelijk Museum Amsterdam on permanent loan to the Rijksmuseum Vincent van Gogh from 2 June 1973 and at the Van Gogh Museum Amsterdam since 1 July 1994"
"d0138V1962r","d0138V1962r","322 cm x 246 cm","Left by the artist at the apartment of his brother Theo van Gogh Paris 1887 after Theos death on 25 January 1891 inherited by his widow Jo van GoghBonger and their son Vincent Willem van Gogh Paris administered until her death on 2 September 1925 by Jo van GoghBonger BussumAmsterdamLaren transferred by Vincent Willem van Gogh Laren on 10 July 1962 to the Vincent van Gogh Foundation Amsterdam agreement concluded on 21 July 1962 between the Vincent van Gogh Foundation and the State of the Netherlands in which the preservation and management of the collection and its placing in the Rijksmuseum Vincent van Gogh to be realized in Amsterdam is entrusted to the State given on loan until the opening of the museum on 2 June 1973 to the Stedelijk Museum Amsterdam on permanent loan to the Rijksmuseum Vincent van Gogh from 2 June 1973 and at the Van Gogh Museum Amsterdam since 1 July 1994"
"d0140V1962r","d0140V1962r","208 cm x 130 cm","Left by the artist at the apartment of his brother Theo van Gogh Paris 1887 after Theos death on 25 January 1891 inherited by his widow Jo van GoghBonger and their son Vincent Willem van Gogh Paris administered until her death on 2 September 1925 by Jo van GoghBonger BussumAmsterdamLaren transferred by Vincent Willem van Gogh Laren on 10 July 1962 to the Vincent van Gogh Foundation Amsterdam ratified 28 December 1970 agreement concluded on 21 July 1962 between the Vincent van Gogh Foundation and the State of the Netherlands in which the preservation and management of the collection and its placing in the Rijksmuseum Vincent van Gogh to be realized in Amsterdam is entrusted to the State given on loan until the opening of the museum on 2 June 1973 to the Stedelijk Museum Amsterdam on permanent loan to the Rijksmuseum Vincent van Gogh from 2 June 1973 and at the Van Gogh Museum Amsterdam since 1 July 1994"
"d0153V1970","d0153V1970","291 cm x 460 cm","Left by the artist at the apartment of his brother Theo van Gogh Paris sometime between June and September 1887 after Theos death on 25 January 1891 inherited by his widow Jo van GoghBonger and their son Vincent Willem van Gogh Paris administered until her death on 2 September 1925 by Jo van GoghBonger BussumAmsterdamLaren agreement concluded on 21 July 1962 between the Vincent van Gogh Foundation and the State of the Netherlands in which the preservation and management of the collection and its placing in the Rijksmuseum Vincent van Gogh to be realized in Amsterdam is entrusted to the State transferred by Vincent Willem van Gogh Laren to the Vincent van Gogh Foundation Amsterdam 14 March 1970 given on loan until the opening of the museum on 2 June 1973 to the Stedelijk Museum Amsterdam on permanent loan to the Rijksmuseum Vincent van Gogh from 2 June 1973 and at the Van Gogh Museum Amsterdam since 1 July 1994"
"d0158V1962","d0158V1962","489 cm x 318 cm","Left by the artist at the apartment of his brother Theo van Gogh Paris sometime between October 1886 and January 1887 after Theos death on 25 January 1891 inherited by his widow Jo van GoghBonger and their son Vincent Willem van Gogh Paris administered until her death on 2 September 1925 by Jo van GoghBonger BussumAmsterdamLaren transferred by Vincent Willem van Gogh Laren on 10 July 1962 to the Vincent van Gogh Foundation Amsterdam agreement concluded on 21 July 1962 between the Vincent van Gogh Foundation and the State of the Netherlands in which the preservation and management of the collection and its placing in the Rijksmuseum Vincent van Gogh to be realized in Amsterdam is entrusted to the State given on loan until the opening of the museum on 2 June 1973 to the Stedelijk Museum Amsterdam on permanent loan to the Rijksmuseum Vincent van Gogh from 2 June 1973 and at the Van Gogh Museum Amsterdam since 1 July 1994"
"d0159V1962r","d0159V1962r","475 cm x 315 cm","Left by the artist at the apartment of his brother Theo van Gogh Paris sometime between October 1886 and January 1887 after Theos death on 25 January 1891 inherited by his widow Jo van GoghBonger and their son Vincent Willem van Gogh Paris administered until her death on 2 September 1925 by Jo van GoghBonger BussumAmsterdamLaren transferred by Vincent Willem van Gogh Laren on 10 July 1962 to the Vincent van Gogh Foundation Amsterdam agreement concluded on 21 July 1962 between the Vincent van Gogh Foundation and the State of the Netherlands in which the preservation and management of the collection and its placing in the Rijksmuseum Vincent van Gogh to be realized in Amsterdam is entrusted to the State given on loan until the opening of the museum on 2 June 1973 to the Stedelijk Museum Amsterdam on permanent loan to the Rijksmuseum Vincent van Gogh from 2 June 1973 and at the Van Gogh Museum Amsterdam since 1 July 1994"
"d0159V1962v","d0159V1962v","475 cm x 315 cm","Left by the artist at the apartment of his brother Theo van Gogh Paris sometime between October 1886 and January 1887 after Theos death on 25 January 1891 inherited by his widow Jo van GoghBonger and their son Vincent Willem van Gogh Paris administered until her death on 2 September 1925 by Jo van GoghBonger BussumAmsterdamLaren transferred by Vincent Willem van Gogh Laren on 10 July 1962 to the Vincent van Gogh Foundation Amsterdam agreement concluded on 21 July 1962 between the Vincent van Gogh Foundation and the State of the Netherlands in which the preservation and management of the collection and its placing in the Rijksmuseum Vincent van Gogh to be realized in Amsterdam is entrusted to the State given on loan until the opening of the museum on 2 June 1973 to the Stedelijk Museum Amsterdam on permanent loan to the Rijksmuseum Vincent van Gogh from 2 June 1973 and at the Van Gogh Museum Amsterdam since 1 July 1994"
"d0160V1962v","d0160V1962v","473 cm x 352 cm","Left by the artist at the apartment of his brother Theo van Gogh Paris sometime between October 1886 and January 1887 after Theos death on 25 January 1891 inherited by his widow Jo van GoghBonger and their son Vincent Willem van Gogh Paris administered until her death on 2 September 1925 by Jo van GoghBonger BussumAmsterdamLaren transferred by Vincent Willem van Gogh Laren on 10 July 1962 to the Vincent van Gogh Foundation Amsterdam agreement concluded on 21 July 1962 between the Vincent van Gogh Foundation and the State of the Netherlands in which the preservation and management of the collection and its placing in the Rijksmuseum Vincent van Gogh to be realized in Amsterdam is entrusted to the State given on loan until the opening of the museum on 2 June 1973 to the Stedelijk Museum Amsterdam on permanent loan to the Rijksmuseum Vincent van Gogh from 2 June 1973 and at the Van Gogh Museum Amsterdam since 1 July 1994"
"d0180V1962r","d0180V1962r","611 cm x 455 cm","Left by the artist at the apartment of his brother Theo van Gogh Paris sometime between October 1886 and January 1887 after Theos death on 25 January 1891 inherited by his widow Jo van GoghBonger and their son Vincent Willem van Gogh Paris administered until her death on 2 September 1925 by Jo van GoghBonger BussumAmsterdamLaren transferred by Vincent Willem van Gogh Laren on 10 July 1962 to the Vincent van Gogh Foundation Amsterdam agreement concluded on 21 July 1962 between the Vincent van Gogh Foundation and the State of the Netherlands in which the preservation and management of the collection and its placing in the Rijksmuseum Vincent van Gogh to be realized in Amsterdam is entrusted to the State given on loan until the opening of the museum on 2 June 1973 to the Stedelijk Museum Amsterdam on permanent loan to the Rijksmuseum Vincent van Gogh from 2 June 1973 and at the Van Gogh Museum Amsterdam since 1 July 1994"
"d0180V1962v","d0180V1962v","611 cm x 455 cm","Left by the artist at the apartment of his brother Theo van Gogh Paris sometime between October 1886 and January 1887 after Theos death on 25 January 1891 inherited by his widow Jo van GoghBonger and their son Vincent Willem van Gogh Paris administered until her death on 2 September 1925 by Jo van GoghBonger BussumAmsterdamLaren transferred by Vincent Willem van Gogh Laren on 10 July 1962 to the Vincent van Gogh Foundation Amsterdam agreement concluded on 21 July 1962 between the Vincent van Gogh Foundation and the State of the Netherlands in which the preservation and management of the collection and its placing in the Rijksmuseum Vincent van Gogh to be realized in Amsterdam is entrusted to the State given on loan until the opening of the museum on 2 June 1973 to the Stedelijk Museum Amsterdam on permanent loan to the Rijksmuseum Vincent van Gogh from 2 June 1973 and at the Van Gogh Museum Amsterdam since 1 July 1994"
"d0190V1962r","d0190V1962r","443 cm x 273 cm","With his brother Theo van Gogh Paris after July 1890 after Theos death on 25 January 1891 inherited by his widow Jo van GoghBonger and their son Vincent Willem van Gogh Paris administered until her death on 2 September 1925 by Jo van GoghBonger BussumAmsterdamLaren transferred by Vincent Willem van Gogh Laren on 10 July 1962 to the Vincent van Gogh Foundation Amsterdam agreement concluded on 21 July 1962 between the Vincent van Gogh Foundation and the State of the Netherlands in which the preservation and management of the collection and its placing in the Rijksmuseum Vincent van Gogh to be realized in Amsterdam is entrusted to the State given on loan until the opening of the museum on 2 June 1973 to the Stedelijk Museum Amsterdam on permanent loan to the Rijksmuseum Vincent van Gogh from 2 June 1973 and at the Van Gogh Museum Amsterdam since 1 July 1994"
"d0212V1962v","d0212V1962v","437 cm x 269 cm","With his brother Theo van Gogh Paris after midJune 1890 after Theos death on 25 January 1891 inherited by his widow Jo van GoghBonger and their son Vincent Willem van Gogh Paris administered until her death on 2 September 1925 by Jo van GoghBonger BussumAmsterdamLaren given on loan by Vincent Willem van Gogh Laren to the Stedelijk Museum Amsterdam since 22 October 1931 transferred by Vincent Willem van Gogh on 10 July 1962 to the Vincent van Gogh Foundation Amsterdam agreement concluded on 21 July 1962 between the Vincent van Gogh Foundation and the State of the Netherlands in which the preservation and management of the collection and its placing in the Rijksmuseum Vincent van Gogh to be realized in Amsterdam is entrusted to the State given on loan until the opening of the museum on 2 June 1973 to the Stedelijk Museum Amsterdam on permanent loan to the Rijksmuseum Vincent van Gogh from 2 June 1973 and at the Van Gogh Museum Amsterdam since 1 July 1994"
"d0303V1972v","d0303V1972v","266 cm x 221 cm","Left by the artist at the apartment of his brother Theo van Gogh Paris sometime between October 1886 and January 1887 after Theos death on 25 January 1891 inherited by his widow Jo van GoghBonger and their son Vincent Willem van Gogh Paris administered until her death on 2 September 1925 by Jo van GoghBonger BussumAmsterdamLaren agreement concluded on 21 July 1962 between the Vincent van Gogh Foundation and the State of the Netherlands in which the preservation and management of the collection and its placing in the Rijksmuseum Vincent van Gogh to be realized in Amsterdam is entrusted to the State transferred by Vincent Willem van Gogh Laren to the Vincent van Gogh Foundation Amsterdam 17 May 1972 given on loan until the opening of the museum on 2 June 1973 to the Stedelijk Museum Amsterdam on permanent loan to the Rijksmuseum Vincent van Gogh from 2 June 1973 and at the Van Gogh Museum Amsterdam since 1 July 1994"
"d0399V1962","d0399V1962","509 cm x 397 cm","Left by the artist at the apartment of his brother Theo van Gogh Paris sometime between October 1886 and January 1887 after Theos death on 25 January 1891 inherited by his widow Jo van GoghBonger and their son Vincent Willem van Gogh Paris administered until her death on 2 September 1925 by Jo van GoghBonger BussumAmsterdamLaren transferred by Vincent Willem van Gogh Laren on 10 July 1962 to the Vincent van Gogh Foundation Amsterdam agreement concluded on 21 July 1962 between the Vincent van Gogh Foundation and the State of the Netherlands in which the preservation and management of the collection and its placing in the Rijksmuseum Vincent van Gogh to be realized in Amsterdam is entrusted to the State given on loan until the opening of the museum on 2 June 1973 to the Stedelijk Museum Amsterdam on permanent loan to the Rijksmuseum Vincent van Gogh from 2 June 1973 and at the Van Gogh Museum Amsterdam since 1 July 1994"
"d0401V1962","d0401V1962","437 cm x 313 cm","Left by the artist at the apartment of his brother Theo van Gogh Paris sometime between October 1886 and January 1887 after Theos death on 25 January 1891 inherited by his widow Jo van GoghBonger and their son Vincent Willem van Gogh Paris administered until her death on 2 September 1925 by Jo van GoghBonger BussumAmsterdamLaren transferred by Vincent Willem van Gogh Laren on 10 July 1962 to the Vincent van Gogh Foundation Amsterdam agreement concluded on 21 July 1962 between the Vincent van Gogh Foundation and the State of the Netherlands in which the preservation and management of the collection and its placing in the Rijksmuseum Vincent van Gogh to be realized in Amsterdam is entrusted to the State given on loan until the opening of the museum on 2 June 1973 to the Stedelijk Museum Amsterdam on permanent loan to the Rijksmuseum Vincent van Gogh from 2 June 1973 and at the Van Gogh Museum Amsterdam since 1 July 1994"
"d0402V1962r","d0402V1962r","476 cm x 315 cm","Left by the artist at the apartment of his brother Theo van Gogh Paris sometime between October 1886 and January 1887 after Theos death on 25 January 1891 inherited by his widow Jo van GoghBonger and their son Vincent Willem van Gogh Paris administered until her death on 2 September 1925 by Jo van GoghBonger BussumAmsterdamLaren transferred by Vincent Willem van Gogh Laren on 10 July 1962 to the Vincent van Gogh Foundation Amsterdam agreement concluded on 21 July 1962 between the Vincent van Gogh Foundation and the State of the Netherlands in which the preservation and management of the collection and its placing in the Rijksmuseum Vincent van Gogh to be realized in Amsterdam is entrusted to the State given on loan until the opening of the museum on 2 June 1973 to the Stedelijk Museum Amsterdam on permanent loan to the Rijksmuseum Vincent van Gogh from 2 June 1973 and at the Van Gogh Museum Amsterdam since 1 July 1994"
"d0402V1962v","d0402V1962v","476 cm x 315 cm","Left by the artist at the apartment of his brother Theo van Gogh Paris sometime between October 1886 and January 1887 after Theos death on 25 January 1891 inherited by his widow Jo van GoghBonger and their son Vincent Willem van Gogh Paris administered until her death on 2 September 1925 by Jo van GoghBonger BussumAmsterdamLaren transferred by Vincent Willem van Gogh Laren on 10 July 1962 to the Vincent van Gogh Foundation Amsterdam agreement concluded on 21 July 1962 between the Vincent van Gogh Foundation and the State of the Netherlands in which the preservation and management of the collection and its placing in the Rijksmuseum Vincent van Gogh to be realized in Amsterdam is entrusted to the State given on loan until the opening of the museum on 2 June 1973 to the Stedelijk Museum Amsterdam on permanent loan to the Rijksmuseum Vincent van Gogh from 2 June 1973 and at the Van Gogh Museum Amsterdam since 1 July 1994"
"d1125S2005","d1125S2005","426 cm x 305 cm 823 cm x 706 cm","Bought by HP Bremmer The Hague sometime between 1914 and 1920 after his death on 10 January 1956 with the heirs Bremmer The Hague with his son F Bremmer The Hague c 1960 after his death on 4 November 1981 inherited by his widow AA BremmerHollmann The Hague after her death in 1989 bequeathed to her inheritance 12 December 1990 sale Amsterdam Christies Impressionist and modern art from the collection of the late Mrs AA BremmerHollmann The Hague lot 254 Jacob Meyers daughterafter Hans Holbein bought by Blondeau Fine Art Services Geneve for NLG 74750 2004 sold by Blondeau Fine Art Services to Annet Gelink Gallery Amsterdam 2004 sold by Annet Gelink Gallery to the Van Gogh Museum and the Kroller Muller Museum 2005"
